What is 50 times 20?,1000,51,6272,714647,9002,banana,house,A
What is 53 times 23?,1219,1700,5151,82,833253,banana,house,A
What is 60 times 66?,1229,2608,3960,636087,94,banana,house,C
What is 11 times 10?,110,371,6,77481,830,banana,house,A
What is 98 times 71?,30,4004,5471,6958,790967,banana,house,D
What is 32 times 71?,2272,466551,5800,64,7456,banana,house,A
What is 94 times 26?,2444,35,5872,9458,994939,banana,house,A
What is 15 times 54?,2,217,567,810,86850,banana,house,D
What is 69 times 29?,2001,2047,33,6437,784232,banana,house,A
What is 37 times 42?,1554,343284,4369,4850,51,banana,house,A
What is 65 times 69?,4485,607575,7113,8331,97,banana,house,A
What is 73 times 66?,26,4484,4818,506850,5107,banana,house,C
What is 52 times 78?,16,316863,4056,6286,8898,banana,house,C
What is 95 times 18?,1148,1710,5907,718962,92,banana,house,B
What is 66 times 86?,10,2509,5206,5676,593158,banana,house,D
What is 71 times 19?,13,1349,3987,926789,9355,banana,house,B
What is 62 times 20?,1240,1577,43,513482,8886,banana,house,A
What is 60 times 62?,258923,3720,5472,70,9151,banana,house,B
What is 21 times 68?,1428,2961,3789,47,905355,banana,house,A
What is 39 times 57?,2223,7390,74,788320,7933,banana,house,A
What is 41 times 16?,257,323,35850,6,656,banana,house,E
What is 59 times 83?,3365,441756,4897,56,7090,banana,house,C
What is 78 times 67?,36,435728,5226,7221,9021,banana,house,C
What is 11 times 70?,17259,2,673,770,877,banana,house,D
What is 94 times 73?,334878,3881,6862,9562,98,banana,house,C
What is 93 times 86?,381049,5874,59,7998,8557,banana,house,D
What is 63 times 96?,2179,4005,497281,6048,97,banana,house,D
What is 21 times 43?,4,724,814,903,96017,banana,house,D
What is 61 times 95?,2758,4875,514040,5795,83,banana,house,D
What is 32 times 66?,2112,412594,6468,7462,99,banana,house,A
What is 42 times 38?,1596,1626,18,6216,760128,banana,house,A
What is 87 times 53?,117311,37,4611,7442,7568,banana,house,C
What is 17 times 93?,1581,252141,4290,59,7453,banana,house,A
What is 25 times 16?,2,400,467,60966,795,banana,house,B
What is 43 times 17?,556,622,731,8,94931,banana,house,C
What is 17 times 48?,2,21849,613,816,959,banana,house,D
What is 36 times 93?,3348,4201,6962,864904,98,banana,house,A
What is 70 times 90?,267868,5036,56,6300,7809,banana,house,D
What is 71 times 90?,3673,6192,6390,84,885697,banana,house,C
What is 79 times 60?,4740,70,8219,830829,8549,banana,house,A
What is 17 times 52?,405,469,87689,884,9,banana,house,D
What is 84 times 14?,1176,2460,33,827077,8769,banana,house,A
What is 85 times 87?,2574,406646,51,7294,7395,banana,house,E
What is 80 times 33?,1155,16,2640,788765,8835,banana,house,C
What is 26 times 83?,2158,4553,5051,965468,99,banana,house,A
What is 23 times 37?,231,500,84963,851,9,banana,house,D
What is 34 times 70?,12,2380,264211,5289,7892,banana,house,B
What is 18 times 41?,544,738,80221,876,9,banana,house,B
What is 46 times 19?,20956,468,611,8,874,banana,house,E
What is 98 times 27?,2104,2646,281174,44,9622,banana,house,B
What is 99 times 90?,2034,470350,7134,85,8910,banana,house,E
What is 70 times 65?,4550,6504,6973,729181,81,banana,house,A
What is 30 times 29?,325,57386,6,809,870,banana,house,E
What is 26 times 98?,2548,614060,6294,81,9958,banana,house,A
What is 95 times 13?,10,1235,4194,8162,921910,banana,house,B
What is 95 times 29?,2755,32,3422,737904,9961,banana,house,A
What is 38 times 40?,1520,3354,6846,79,995338,banana,house,A
What is 66 times 77?,2701,5082,57,861475,9156,banana,house,B
What is 34 times 54?,1836,264258,5920,72,7716,banana,house,A
What is 62 times 77?,44,4774,532390,6075,9172,banana,house,B
What is 45 times 96?,14,4320,576948,6258,6897,banana,house,B
What is 97 times 29?,23,2813,5020,895021,9518,banana,house,B
What is 11 times 25?,1,275,461,663,78987,banana,house,B
What is 79 times 16?,1264,50,522703,8867,9844,banana,house,A
What is 49 times 54?,1418,216511,2646,6544,79,banana,house,C
What is 93 times 11?,1023,11,214160,6243,9679,banana,house,A
What is 10 times 81?,669,7,73764,757,810,banana,house,E
What is 86 times 72?,5155,5259,556384,6192,73,banana,house,D
What is 20 times 85?,1700,4475,78,8316,950729,banana,house,A
What is 80 times 64?,4176,5120,59,7175,923977,banana,house,B
What is 91 times 47?,329908,41,4277,6414,7367,banana,house,C
What is 39 times 48?,1872,45,8252,8277,879881,banana,house,A
What is 83 times 62?,4254,4749,5146,705193,71,banana,house,C
What is 28 times 29?,32317,7,812,912,986,banana,house,C
What is 74 times 24?,10,1776,2216,290125,6651,banana,house,B
What is 37 times 72?,2664,4387,5754,769848,80,banana,house,A
What is 73 times 41?,16,2993,438828,5723,6131,banana,house,B
What is 31 times 24?,1,396,51876,714,744,banana,house,E
What is 91 times 10?,3,358,584,64618,910,banana,house,E
What is 13 times 89?,1157,30,724083,7997,8834,banana,house,A
What is 19 times 44?,463,69099,701,8,836,banana,house,E
What is 40 times 62?,1263,2480,658506,7187,83,banana,house,B
What is 50 times 84?,2525,2881,4200,66,887874,banana,house,C
What is 48 times 72?,3456,4798,482561,65,7371,banana,house,A
What is 36 times 88?,3168,467079,77,8228,9662,banana,house,A
What is 77 times 67?,5159,5906,816198,86,9289,banana,house,A
What is 97 times 54?,24,356628,5238,6934,8416,banana,house,C
What is 24 times 90?,2160,376767,43,5147,9769,banana,house,A
What is 86 times 59?,2057,41,5074,8129,985265,banana,house,C
What is 82 times 50?,363165,3966,4100,6553,71,banana,house,C
What is 71 times 71?,40,5041,5549,559893,8919,banana,house,B
What is 91 times 30?,2300,2730,3320,38,632245,banana,house,B
What is 45 times 75?,3375,502116,57,8280,8456,banana,house,A
What is 19 times 89?,1691,2333,82,973051,9983,banana,house,A
What is 76 times 70?,5320,6441,7116,721414,73,banana,house,A
What is 95 times 78?,3078,33,4619,7410,953515,banana,house,D
What is 86 times 15?,1290,1466,1978,51,717815,banana,house,A
What is 11 times 50?,2,393,459,550,67429,banana,house,D
What is 39 times 58?,133991,2262,46,6277,6969,banana,house,B
What is 51 times 82?,2100,417631,4182,45,4671,banana,house,C
What is 33 times 47?,1551,3059,7696,875300,94,banana,house,A
What is 70 times 23?,1610,3207,345673,4087,88,banana,house,A
What is 41 times 17?,54070,697,7,881,893,banana,house,B
What is 40 times 35?,1400,4190,57,7092,742286,banana,house,A
What is 70 times 50?,1329,3500,515185,83,9875,banana,house,B
What is 30 times 74?,2220,2966,4045,522931,86,banana,house,A
What is 10 times 77?,601,673,770,8,92471,banana,house,C
What is 51 times 91?,4641,678845,8711,9261,93,banana,house,A
What is 28 times 99?,2772,4118,69,8800,993323,banana,house,A
What is 64 times 41?,1776,2624,330154,68,8681,banana,house,B
What is 84 times 92?,5051,65,7728,9445,986616,banana,house,C
What is 59 times 62?,1446,3658,697041,9184,94,banana,house,B
What is 73 times 74?,11,5402,6339,6488,929385,banana,house,B
What is 17 times 97?,1649,5545,56,5789,793905,banana,house,A
What is 15 times 66?,243,30588,7,821,990,banana,house,E
What is 88 times 13?,1144,1282,2338,66,741889,banana,house,A
What is 39 times 33?,1287,254891,3417,55,7631,banana,house,A
What is 67 times 76?,3594,47,504552,5092,6662,banana,house,D
What is 40 times 12?,440,480,5,736,97911,banana,house,B
What is 20 times 54?,1080,170975,25,7969,9189,banana,house,A
What is 68 times 66?,4330,4488,6234,677918,84,banana,house,B
What is 66 times 31?,194959,2046,5554,6172,80,banana,house,B
What is 85 times 80?,1561,6800,74,803863,8542,banana,house,B
What is 74 times 48?,1117,3552,52,846418,9107,banana,house,B
What is 50 times 35?,1036,1750,35,6973,877680,banana,house,B
What is 60 times 53?,3180,3325,646909,65,8818,banana,house,A
What is 37 times 89?,1544,3293,68,7077,876743,banana,house,B
What is 99 times 13?,1287,2344,34,6721,993444,banana,house,A
What is 15 times 62?,33812,525,720,8,930,banana,house,E
What is 18 times 26?,209,468,6,60872,647,banana,house,B
What is 80 times 41?,1460,3280,33,606991,8371,banana,house,B
What is 76 times 52?,3952,4676,82,8369,953773,banana,house,A
What is 81 times 29?,2349,278938,2829,5731,83,banana,house,A
What is 49 times 20?,2,328,584,72841,980,banana,house,E
What is 40 times 10?,4,400,536,84233,991,banana,house,B
What is 14 times 77?,1078,134958,37,7094,9694,banana,house,A
What is 62 times 81?,36,5022,5273,545699,9222,banana,house,B
What is 76 times 25?,1900,30,308615,7936,8258,banana,house,A
What is 78 times 60?,4680,533862,6504,7972,95,banana,house,A
What is 15 times 61?,55861,586,592,6,915,banana,house,E
What is 82 times 55?,404727,4510,4989,51,8354,banana,house,B
What is 22 times 10?,220,426,73096,8,862,banana,house,A
What is 55 times 11?,140,3,400,53019,605,banana,house,E
What is 98 times 78?,127043,18,7644,9227,9980,banana,house,C
What is 90 times 79?,569294,6245,6330,7110,77,banana,house,D
What is 29 times 37?,1073,406143,6613,74,8936,banana,house,A
What is 56 times 70?,122313,1761,3440,3920,77,banana,house,D
What is 29 times 46?,1268,1334,189807,2870,46,banana,house,B
What is 57 times 17?,5,578,86002,908,969,banana,house,E
What is 41 times 24?,1,488,515,78550,984,banana,house,E
What is 95 times 25?,21,2375,2877,459951,8014,banana,house,B
What is 91 times 56?,21,342176,5096,7265,8155,banana,house,C
What is 92 times 46?,1272,4232,5513,66,795798,banana,house,B
What is 93 times 55?,15,1689,1737,5115,969541,banana,house,D
What is 49 times 52?,1555,2548,5929,680628,92,banana,house,B
What is 85 times 27?,12,2295,3131,525866,8824,banana,house,B
What is 83 times 89?,1608,49,7298,736466,7387,banana,house,E
What is 49 times 89?,4361,4964,6440,65,780656,banana,house,A
What is 54 times 99?,1667,336206,5346,9293,96,banana,house,C
What is 93 times 60?,407108,4459,4564,5580,61,banana,house,D
What is 72 times 27?,1944,3699,441004,56,5987,banana,house,A
What is 75 times 22?,1628,1650,77,864988,8938,banana,house,B
What is 54 times 18?,5,881,901,94256,972,banana,house,E
What is 95 times 33?,3135,5270,5458,766948,92,banana,house,A
What is 88 times 90?,359821,7576,7667,7920,99,banana,house,D
What is 95 times 87?,14,1577,1665,372472,8265,banana,house,E
What is 55 times 37?,1297,2035,44,835550,9991,banana,house,B
What is 80 times 79?,273766,6320,7834,90,9123,banana,house,B
What is 50 times 23?,1150,1167,5941,703301,97,banana,house,A
What is 58 times 24?,1392,1834,707701,8168,82,banana,house,A
What is 74 times 67?,2204,4453,4958,73,964692,banana,house,C
What is 11 times 85?,218,613,63252,7,935,banana,house,E
What is 78 times 81?,12,2681,340986,4651,6318,banana,house,E
What is 47 times 58?,200590,2726,2779,3959,80,banana,house,B
What is 56 times 16?,203,490,5,52665,896,banana,house,E
What is 43 times 62?,2666,3514,560526,57,7308,banana,house,A
What is 39 times 24?,258,38709,6,936,986,banana,house,D
What is 63 times 23?,1449,3084,61,722333,8231,banana,house,A
What is 60 times 32?,1920,3650,6810,73,930241,banana,house,A
What is 91 times 84?,45,481534,6063,7644,9000,banana,house,D
What is 14 times 81?,1134,1981,88,921710,9283,banana,house,A
What is 67 times 25?,1675,331180,4793,8638,93,banana,house,A
What is 21 times 53?,1113,138611,2540,64,9127,banana,house,A
What is 45 times 32?,1440,2351,43,7269,974802,banana,house,A
What is 42 times 67?,138683,2434,2814,52,7838,banana,house,C
What is 43 times 43?,1849,2716,33,551034,7061,banana,house,A
What is 43 times 46?,1978,250401,6652,91,9195,banana,house,A
What is 86 times 63?,190503,42,5418,5682,7047,banana,house,C
What is 94 times 96?,2876,4591,684795,69,9024,banana,house,E
What is 15 times 42?,618,630,66173,709,8,banana,house,B
What is 27 times 12?,293,324,35209,717,9,banana,house,B
What is 66 times 41?,2706,31,427636,6329,7425,banana,house,A
What is 32 times 70?,1039,2240,394983,72,7830,banana,house,B
What is 25 times 49?,103567,1225,44,5284,8152,banana,house,B
What is 31 times 65?,2015,300573,3031,4118,55,banana,house,A
What is 46 times 29?,1334,504107,53,6333,6787,banana,house,A
What is 21 times 81?,1701,3349,4235,65,854840,banana,house,A
What is 29 times 21?,26106,312,5,609,646,banana,house,D
What is 98 times 56?,11,2186,5488,6647,703601,banana,house,C
What is 95 times 55?,3171,479613,5225,5475,90,banana,house,C
What is 28 times 71?,1108,1988,521488,57,6558,banana,house,B
What is 79 times 74?,2011,45,5846,778670,9364,banana,house,C
What is 77 times 32?,1216,2464,30,593683,8186,banana,house,B
What is 19 times 29?,292,4,500,50219,551,banana,house,E
What is 14 times 98?,1372,4020,4471,655218,72,banana,house,A
What is 23 times 41?,255,30756,516,8,943,banana,house,E
What is 67 times 41?,231464,2747,3533,4995,62,banana,house,B
What is 67 times 67?,4489,47,555519,8037,8192,banana,house,A
What is 88 times 52?,25,4576,708838,9300,9334,banana,house,B
What is 59 times 78?,4602,47,711917,8312,8500,banana,house,A
What is 83 times 47?,19,311030,3901,4176,5398,banana,house,C
What is 63 times 72?,30,4536,6678,9108,969535,banana,house,B
What is 61 times 62?,104799,3782,5270,87,9267,banana,house,B
What is 97 times 52?,4766,5044,543224,7624,93,banana,house,B
What is 66 times 92?,133290,33,4428,6072,9214,banana,house,D
What is 34 times 19?,226,24064,4,506,646,banana,house,E
What is 71 times 67?,1242,41,417096,4757,6595,banana,house,D
What is 15 times 36?,39046,540,667,796,9,banana,house,B
What is 34 times 35?,1190,2668,6224,863455,95,banana,house,A
What is 22 times 75?,1257,1650,2726,522381,60,banana,house,B
What is 45 times 79?,1185,3555,3580,41,543940,banana,house,B
What is 27 times 78?,1955,2106,2953,332869,86,banana,house,B
What is 74 times 77?,19,215708,4177,5698,6986,banana,house,D
What is 55 times 45?,198825,2475,4948,79,8930,banana,house,B
What is 56 times 72?,21,4032,432944,5031,5261,banana,house,B
What is 84 times 20?,112910,1352,1680,64,7186,banana,house,C
What is 74 times 63?,4004,4662,470374,4861,58,banana,house,B
What is 17 times 47?,138,3,506,63791,799,banana,house,E
What is 93 times 32?,2976,3351,6094,679018,73,banana,house,A
What is 91 times 87?,209854,3159,3369,53,7917,banana,house,E
What is 91 times 80?,204122,3398,7280,7983,92,banana,house,C
What is 41 times 53?,168220,1706,2173,26,7812,banana,house,C
What is 17 times 77?,1309,1543,19,438772,5736,banana,house,A
What is 71 times 88?,1289,242551,60,6248,9133,banana,house,D
What is 88 times 77?,1608,2053,6776,741504,82,banana,house,C
What is 71 times 92?,4013,64,6532,656767,6796,banana,house,C
What is 60 times 63?,1812,324839,3780,7130,78,banana,house,C
What is 63 times 80?,2522,5040,7411,81,948847,banana,house,B
What is 96 times 30?,15,2863,2880,564020,5766,banana,house,C
What is 38 times 70?,1883,2660,4210,77,819222,banana,house,B
What is 68 times 20?,118759,1360,4238,5596,84,banana,house,B
What is 34 times 89?,1164,13,154577,3026,3540,banana,house,D
What is 53 times 95?,3901,5035,60,7408,934762,banana,house,B
What is 15 times 71?,1065,1119,3904,398367,93,banana,house,A
What is 73 times 46?,3358,570688,6347,93,9415,banana,house,A
What is 89 times 76?,280128,6764,88,9677,9753,banana,house,B
What is 18 times 39?,272,4,572,702,79854,banana,house,D
What is 25 times 52?,1300,3501,3852,86,922786,banana,house,A
What is 36 times 32?,1152,3214,811984,8430,95,banana,house,A
What is 32 times 51?,1609,1632,24,411128,5193,banana,house,B
What is 85 times 95?,5076,5845,72,8075,908300,banana,house,D
What is 57 times 47?,2397,2679,4845,663090,74,banana,house,B
What is 61 times 49?,2989,5395,672604,68,6914,banana,house,A
What is 16 times 17?,272,3,45336,586,933,banana,house,A
What is 64 times 37?,2368,7550,7735,86,976438,banana,house,A
What is 76 times 40?,3040,56,6740,769542,8832,banana,house,A
What is 93 times 56?,1279,5208,53,5589,670587,banana,house,B
What is 41 times 79?,114272,14,3239,6912,9074,banana,house,C
What is 73 times 69?,1513,1888,221183,34,5037,banana,house,E
What is 66 times 28?,1848,2274,2556,39,903088,banana,house,A
What is 56 times 85?,1038,302318,46,4760,9197,banana,house,D
What is 36 times 40?,1440,2802,541047,7140,96,banana,house,A
What is 84 times 63?,1301,151129,24,5292,5335,banana,house,D
What is 20 times 49?,131,2,515,91013,980,banana,house,E
What is 96 times 35?,107481,33,3360,4420,6355,banana,house,C
What is 65 times 31?,16,2015,3853,7278,819926,banana,house,B
What is 82 times 36?,2265,236789,2952,45,7352,banana,house,C
What is 59 times 61?,24,3599,4714,4786,497557,banana,house,B
What is 22 times 47?,1034,1859,210523,34,3558,banana,house,A
What is 10 times 18?,180,187,25869,586,8,banana,house,A
What is 87 times 84?,5834,6184,69,7308,874343,banana,house,D
What is 42 times 15?,2,442,630,880,89131,banana,house,C
What is 95 times 91?,1472,177178,6930,80,8645,banana,house,E
What is 86 times 11?,105,6,64141,946,961,banana,house,D
What is 66 times 39?,2574,336800,3577,63,6867,banana,house,A
What is 56 times 86?,2425,4816,70,7047,938624,banana,house,B
What is 65 times 40?,214742,2600,3983,43,6922,banana,house,B
What is 40 times 93?,1460,33,3458,3720,945452,banana,house,D
What is 77 times 58?,16,2602,4466,516129,8846,banana,house,C
What is 63 times 51?,1355,31,3213,409175,7937,banana,house,C
What is 84 times 31?,2604,4166,561688,67,7001,banana,house,A
What is 66 times 46?,145974,2329,3036,5931,84,banana,house,C
What is 57 times 70?,2400,300952,3990,53,9165,banana,house,C
What is 29 times 26?,607,754,8,830,98826,banana,house,B
What is 54 times 30?,1620,2999,50,652519,7451,banana,house,A
What is 69 times 76?,2889,5244,61,955293,9586,banana,house,B
What is 22 times 71?,1562,198163,24,2734,6197,banana,house,A
What is 18 times 43?,25205,266,5,774,840,banana,house,D
What is 30 times 47?,1410,420186,56,6107,9204,banana,house,A
What is 63 times 66?,2218,313795,4158,4552,96,banana,house,C
What is 66 times 19?,1254,21,5320,701216,8699,banana,house,A
What is 10 times 97?,50667,511,519,6,970,banana,house,E
What is 50 times 93?,1876,4650,55,598688,9892,banana,house,B
What is 10 times 34?,107,2,340,360,95135,banana,house,C
What is 21 times 73?,130332,1533,2463,69,7607,banana,house,B
What is 59 times 23?,1357,1602,208557,24,4379,banana,house,A
What is 96 times 26?,2496,332423,4493,78,8404,banana,house,A
What is 21 times 95?,1995,2439,270218,68,9558,banana,house,A
What is 13 times 41?,425,533,56878,581,7,banana,house,B
What is 64 times 43?,1200,1502,18,2752,697411,banana,house,D
What is 18 times 95?,1710,26,5763,6196,919091,banana,house,A
What is 61 times 17?,1037,178769,3433,47,8171,banana,house,A
What is 25 times 63?,1575,4371,44,5590,899331,banana,house,A
What is 98 times 32?,2142,25,3136,365791,5963,banana,house,C
What is 47 times 94?,28,388096,4418,7484,8151,banana,house,C
What is 77 times 28?,17,2156,3079,4749,775514,banana,house,B
What is 64 times 47?,20,2200,3008,3069,543263,banana,house,C
What is 75 times 43?,1898,3225,38,643707,7559,banana,house,B
What is 86 times 54?,256036,2602,4644,6536,88,banana,house,C
What is 40 times 45?,1800,253996,50,7404,7923,banana,house,A
What is 18 times 73?,1314,42,440526,5696,7958,banana,house,A
What is 34 times 39?,1326,2614,44,708685,8096,banana,house,A
What is 50 times 11?,134,540,550,6,94616,banana,house,C
What is 46 times 23?,1058,2574,4492,70,784997,banana,house,A
What is 23 times 38?,5,757,790,874,93986,banana,house,D
What is 64 times 40?,1194,2560,2723,669714,73,banana,house,B
What is 86 times 97?,1745,549037,78,8342,8922,banana,house,D
What is 83 times 97?,156112,58,6263,8051,8419,banana,house,D
What is 24 times 81?,11,1944,387613,4726,9632,banana,house,B
What is 23 times 99?,2277,397250,5559,6287,91,banana,house,A
What is 72 times 49?,3528,380457,40,4939,9164,banana,house,A
What is 99 times 38?,3762,41,553004,7080,8680,banana,house,A
What is 87 times 71?,1564,2536,547292,6177,95,banana,house,D
What is 74 times 56?,180219,3559,40,4144,6944,banana,house,D
What is 95 times 99?,16,366456,6239,8924,9405,banana,house,E
What is 10 times 82?,1,20827,319,585,820,banana,house,E
What is 24 times 76?,1824,6365,700098,7518,81,banana,house,A
What is 99 times 67?,1292,475881,5401,6633,89,banana,house,D
What is 31 times 82?,1348,2542,471519,6366,94,banana,house,B
What is 14 times 86?,1204,260601,6736,83,8914,banana,house,A
What is 74 times 18?,1332,5372,67,865378,9693,banana,house,A
What is 29 times 59?,16,1711,515999,7524,9279,banana,house,B
What is 36 times 87?,19,3132,3816,546715,5718,banana,house,B
What is 91 times 22?,136945,2002,2480,44,6674,banana,house,B
What is 98 times 91?,3908,637709,72,7246,8918,banana,house,E
What is 92 times 88?,1424,78,8096,871444,9364,banana,house,C
What is 93 times 16?,1488,193354,35,7451,9229,banana,house,A
What is 25 times 29?,2,70338,725,783,941,banana,house,C
What is 84 times 52?,30,319852,3286,3433,4368,banana,house,E
What is 40 times 20?,289,437,7,73706,800,banana,house,E
What is 73 times 27?,1037,1971,6672,842857,98,banana,house,B
What is 37 times 76?,25,2812,545244,6636,8027,banana,house,B
What is 32 times 98?,196394,2902,3136,43,8544,banana,house,C
What is 34 times 45?,1530,3858,842803,9139,93,banana,house,A
What is 73 times 34?,2482,3358,4302,50,782159,banana,house,A
What is 72 times 39?,2808,33,5167,9029,922460,banana,house,A
What is 22 times 96?,11,2112,3474,6071,738794,banana,house,B
What is 42 times 33?,1386,1568,350043,8197,86,banana,house,A
What is 71 times 43?,2833,3053,632870,7055,93,banana,house,B
What is 68 times 18?,1224,152863,3350,53,5710,banana,house,A
What is 94 times 52?,3227,38,4888,6406,772133,banana,house,C
What is 10 times 83?,467,472,74447,830,9,banana,house,D
What is 73 times 87?,4665,47,6351,7477,804020,banana,house,C
What is 33 times 72?,2376,4454,465151,84,8542,banana,house,A
What is 68 times 29?,1972,204380,4645,90,9529,banana,house,A
What is 64 times 97?,2170,255805,3091,6208,84,banana,house,D
What is 20 times 40?,2,206,428,800,96468,banana,house,D
What is 91 times 19?,16,1729,212097,4399,4921,banana,house,B
What is 13 times 70?,292,436,6,910,98656,banana,house,D
What is 15 times 32?,366,480,7,85598,989,banana,house,B
What is 45 times 77?,2697,31,321385,3465,5724,banana,house,D
What is 27 times 26?,14375,285,3,333,702,banana,house,E
What is 81 times 71?,5084,51,5751,838063,9580,banana,house,C
What is 70 times 17?,1190,4394,5987,84,971331,banana,house,A
What is 71 times 11?,461,639,67620,781,9,banana,house,D
What is 76 times 36?,25,2736,336130,3776,8859,banana,house,B
What is 24 times 64?,1536,3302,4044,58,781052,banana,house,A
What is 16 times 76?,1106,1216,170890,4426,67,banana,house,B
What is 57 times 23?,1311,2220,4799,67,983372,banana,house,A
What is 79 times 48?,3792,5422,81,924955,9920,banana,house,A
What is 10 times 35?,350,5,554,753,95199,banana,house,A
What is 79 times 25?,1975,2568,36,4659,567022,banana,house,A
What is 17 times 95?,1615,277262,5099,5367,60,banana,house,A
What is 49 times 56?,13,2744,560976,6055,6130,banana,house,B
What is 72 times 11?,115,4,428,56671,792,banana,house,E
What is 51 times 93?,26,4743,9318,9499,995542,banana,house,B
What is 36 times 43?,128766,1548,2656,3036,75,banana,house,B
What is 95 times 81?,3935,437653,4806,76,7695,banana,house,E
What is 17 times 27?,459,5,647,74507,846,banana,house,A
What is 71 times 85?,3719,6035,609951,6580,75,banana,house,B
What is 55 times 38?,2090,2149,546870,57,8610,banana,house,A
What is 47 times 22?,1034,37,4847,6261,879621,banana,house,A
What is 14 times 67?,116,63866,7,890,938,banana,house,E
What is 63 times 97?,1997,6111,794682,9084,92,banana,house,B
What is 99 times 61?,204720,21,4492,4816,6039,banana,house,E
What is 83 times 18?,1494,23,2528,718956,8057,banana,house,A
What is 52 times 53?,1418,2756,356799,4608,86,banana,house,B
What is 72 times 36?,2592,2869,4118,42,818462,banana,house,A
What is 17 times 39?,2,599,604,663,71146,banana,house,D
What is 11 times 37?,13602,4,407,597,685,banana,house,C
What is 63 times 22?,115275,1386,16,3246,9822,banana,house,B
What is 46 times 57?,15,2622,3123,599979,9476,banana,house,B
What is 28 times 22?,286,5,500,616,68820,banana,house,D
What is 98 times 48?,3080,4704,5891,65,686028,banana,house,B
What is 44 times 71?,3124,3415,4994,56,927683,banana,house,A
What is 51 times 17?,27616,534,6,867,886,banana,house,D
What is 83 times 94?,1394,38,503271,6493,7802,banana,house,E
What is 66 times 89?,13,2960,3119,5874,954007,banana,house,D
What is 67 times 30?,1560,2010,6662,675388,71,banana,house,B
What is 94 times 87?,1371,4836,50,8178,829099,banana,house,D
What is 99 times 51?,1183,22,5049,695979,9800,banana,house,C
What is 87 times 63?,437466,45,5309,5481,9840,banana,house,D
What is 65 times 51?,20,3315,8318,964416,9824,banana,house,B
What is 67 times 43?,14,2881,4038,429875,5823,banana,house,B
What is 20 times 57?,1140,6338,71,7878,936306,banana,house,A
What is 45 times 11?,16357,3,495,677,905,banana,house,C
What is 24 times 60?,1440,6176,86,872089,9166,banana,house,A
What is 86 times 96?,13,1580,175030,4976,8256,banana,house,E
What is 38 times 42?,14,1596,2285,466073,5967,banana,house,B
What is 90 times 78?,1854,602011,7020,7350,90,banana,house,C
What is 12 times 83?,173,45621,5,963,996,banana,house,E
What is 65 times 55?,105827,3575,42,6068,9505,banana,house,B
What is 16 times 11?,1,12948,141,176,400,banana,house,D
What is 47 times 62?,2914,42,5175,6878,753546,banana,house,A
What is 69 times 59?,4071,4457,47,867344,9657,banana,house,A
What is 78 times 66?,3791,5148,526023,56,6750,banana,house,B
What is 12 times 46?,3,46965,552,664,694,banana,house,C
What is 60 times 64?,3204,3840,542553,6181,66,banana,house,B
What is 17 times 20?,1,297,340,643,71671,banana,house,C
What is 87 times 52?,217550,2296,2461,4524,74,banana,house,D
What is 31 times 95?,2749,285475,2945,55,7292,banana,house,C
What is 97 times 94?,1981,7109,807827,81,9118,banana,house,E
What is 25 times 57?,1368,1425,351935,49,6405,banana,house,B
What is 23 times 53?,1219,1352,19,8195,913571,banana,house,A
What is 73 times 42?,2165,3066,387857,8091,97,banana,house,B
What is 94 times 59?,141806,2663,4091,5546,90,banana,house,D
What is 98 times 39?,25,3560,3822,5055,712303,banana,house,C
What is 68 times 61?,1948,30,4148,479816,8730,banana,house,C
What is 49 times 58?,2632,2842,366316,75,7771,banana,house,B
What is 47 times 45?,2115,46,483226,7221,7871,banana,house,A
What is 92 times 74?,3949,423287,5117,6808,97,banana,house,D
What is 20 times 95?,1900,33,4734,633188,9884,banana,house,A
What is 18 times 21?,378,4,68187,918,976,banana,house,A
What is 90 times 26?,2340,5454,5571,73,846985,banana,house,A
What is 86 times 30?,196801,2580,6318,83,8496,banana,house,B
What is 44 times 48?,105207,12,2112,6009,9687,banana,house,C
What is 49 times 59?,2891,42,524859,6566,9919,banana,house,A
What is 40 times 84?,3360,3534,5738,81,877467,banana,house,A
What is 74 times 73?,1299,41,5402,601658,8808,banana,house,C
What is 60 times 95?,42,5700,7849,8820,995169,banana,house,B
What is 83 times 70?,147486,4371,5810,77,8418,banana,house,C
What is 51 times 41?,2091,216931,3425,54,5492,banana,house,A
What is 82 times 22?,1804,25,544024,8447,9814,banana,house,A
What is 26 times 78?,2028,556358,6023,66,8313,banana,house,A
What is 68 times 65?,17,4420,7558,7964,825690,banana,house,B
What is 88 times 20?,1760,271632,2974,4108,56,banana,house,A
What is 58 times 42?,2436,3067,6611,789775,83,banana,house,A
What is 93 times 88?,2855,4450,556370,67,8184,banana,house,E
What is 84 times 73?,1253,540884,55,6132,9699,banana,house,D
What is 67 times 50?,1428,2913,3350,492972,90,banana,house,C
What is 93 times 65?,148662,4482,6045,72,7810,banana,house,C
What is 94 times 48?,4512,5546,604698,71,8296,banana,house,A
What is 24 times 44?,1056,1557,67,6823,986959,banana,house,A
What is 69 times 17?,1173,12,3208,6983,831079,banana,house,A
What is 20 times 56?,1120,42,5621,7037,747707,banana,house,A
What is 46 times 14?,52035,644,755,9,950,banana,house,B
What is 68 times 51?,3165,3468,59,7065,760529,banana,house,B
What is 43 times 44?,1892,53,5408,6848,868147,banana,house,A
What is 93 times 70?,353782,36,6510,7395,7717,banana,house,C
What is 53 times 98?,10,4010,5194,5448,843002,banana,house,C
What is 52 times 13?,11292,4,449,676,678,banana,house,D
What is 97 times 67?,237091,3630,6499,70,8707,banana,house,C
What is 77 times 90?,3341,59,6930,699559,8779,banana,house,C
What is 51 times 96?,17,4896,852236,9158,9315,banana,house,B
What is 81 times 84?,3581,5467,547090,6804,92,banana,house,D
What is 61 times 12?,340,519,7,732,89970,banana,house,D
What is 79 times 13?,1027,4070,65,814440,8613,banana,house,A
What is 49 times 43?,2107,3825,907690,92,9863,banana,house,A
What is 86 times 46?,15,159383,3956,4220,6904,banana,house,C
What is 71 times 87?,2681,472126,6177,65,7522,banana,house,C
What is 38 times 71?,2698,651029,8651,9122,97,banana,house,A
What is 42 times 27?,1134,23,540480,5557,9044,banana,house,A
What is 46 times 82?,2058,2830,302422,3772,59,banana,house,D
What is 97 times 64?,1355,593602,6208,6466,97,banana,house,C
What is 32 times 53?,14,1696,203922,3882,6640,banana,house,B
What is 59 times 87?,2211,5133,64,6712,742828,banana,house,B
What is 70 times 77?,2015,5390,634380,8870,89,banana,house,B
What is 28 times 36?,1008,148319,1876,8835,95,banana,house,A
What is 12 times 77?,164,301,4,50353,924,banana,house,E
What is 84 times 12?,1008,3317,414207,4416,71,banana,house,A
What is 39 times 32?,1248,3876,45,753805,8081,banana,house,A
What is 46 times 22?,1012,1061,2479,497761,99,banana,house,A
What is 96 times 83?,25,2930,6774,776186,7968,banana,house,E
What is 83 times 48?,15,359289,3984,5306,7889,banana,house,C
What is 18 times 23?,259,414,655,70574,9,banana,house,B
What is 86 times 22?,1892,5311,55,718789,8121,banana,house,A
What is 54 times 22?,1188,13,2345,3377,949053,banana,house,A
What is 82 times 17?,1394,65,7020,7304,813006,banana,house,A
What is 65 times 92?,3526,37,5158,5980,701838,banana,house,D
What is 47 times 34?,1598,4404,55,808769,8891,banana,house,A
What is 46 times 30?,1380,48,503604,9206,9681,banana,house,A
What is 41 times 70?,2870,49,4953,758304,8853,banana,house,A
What is 80 times 90?,110201,1879,41,6316,7200,banana,house,E
What is 32 times 67?,2144,3238,8780,931405,97,banana,house,A
What is 20 times 68?,1360,2222,266077,4348,61,banana,house,A
What is 55 times 15?,35934,437,6,825,961,banana,house,D
What is 30 times 64?,1920,3386,45,8266,982796,banana,house,A
What is 93 times 91?,41,6000,824538,8463,9372,banana,house,D
What is 69 times 28?,1932,717803,72,7464,8559,banana,house,A
What is 40 times 75?,183108,3000,5397,86,9626,banana,house,B
What is 31 times 77?,2387,31,631025,8146,8248,banana,house,A
What is 72 times 71?,502181,5112,5212,78,9156,banana,house,B
What is 16 times 47?,118,31678,553,7,752,banana,house,E
What is 86 times 58?,33,4988,6136,7240,975404,banana,house,B
What is 50 times 72?,2217,3600,4611,638750,95,banana,house,B
What is 16 times 28?,1,118,392,44586,448,banana,house,E
What is 19 times 11?,2,209,571,84288,925,banana,house,B
What is 18 times 27?,42683,486,5,709,894,banana,house,B
What is 98 times 41?,1921,33,4018,542848,8477,banana,house,C
What is 56 times 66?,2633,3696,47,750456,9668,banana,house,B
What is 60 times 38?,13,182782,2280,6207,6858,banana,house,C
What is 84 times 36?,18,3024,4424,7062,793865,banana,house,B
What is 20 times 13?,216,260,6,76998,836,banana,house,B
What is 48 times 57?,196079,2736,38,7482,8256,banana,house,B
What is 17 times 98?,1666,1758,2074,826720,95,banana,house,A
What is 69 times 45?,2511,3105,4122,476921,67,banana,house,B
What is 63 times 13?,10892,4,611,819,921,banana,house,D
What is 33 times 23?,37932,759,8,817,822,banana,house,B
What is 68 times 37?,2516,4867,790975,8881,91,banana,house,A
What is 15 times 20?,1,22806,300,961,995,banana,house,C
What is 94 times 47?,180477,30,3814,4418,7778,banana,house,D
What is 80 times 88?,3589,3609,373759,7040,96,banana,house,D
What is 63 times 19?,1197,4419,450894,58,9588,banana,house,A
What is 44 times 98?,16,279380,4312,7600,7985,banana,house,C
What is 93 times 50?,2392,41,457974,4650,5437,banana,house,D
What is 79 times 15?,1185,167260,20,5534,8716,banana,house,A
What is 81 times 13?,1053,1533,155146,53,5961,banana,house,A
What is 20 times 50?,1000,2147,24,4971,699968,banana,house,A
What is 51 times 88?,1952,29,4488,605328,7659,banana,house,C
What is 61 times 86?,4121,5246,5489,608281,73,banana,house,B
What is 87 times 65?,1814,369136,51,5655,7834,banana,house,D
What is 74 times 52?,3452,3848,50,595132,7160,banana,house,B
What is 54 times 11?,3,33522,379,594,957,banana,house,D
What is 49 times 61?,1932,2989,5275,59,719354,banana,house,B
What is 43 times 94?,24,4042,7799,918267,9195,banana,house,B
What is 72 times 53?,267101,2734,3816,5224,76,banana,house,C
What is 73 times 73?,2791,2897,48,5329,689044,banana,house,D
What is 81 times 22?,1782,1909,57,683363,7269,banana,house,A
What is 12 times 19?,228,56415,6,611,681,banana,house,A
What is 72 times 15?,1080,3791,72,7578,873866,banana,house,A
What is 80 times 58?,1764,383987,43,4640,6342,banana,house,D
What is 47 times 21?,3,385,406,91806,987,banana,house,E
What is 43 times 28?,119694,1204,7625,90,9088,banana,house,B
What is 77 times 78?,15,167945,1992,6006,6677,banana,house,D
What is 52 times 25?,1300,4724,636658,8180,95,banana,house,A
What is 94 times 63?,364310,3896,5922,75,7729,banana,house,C
What is 89 times 66?,1704,28,367163,5805,5874,banana,house,E
What is 18 times 62?,1116,257147,2907,47,9272,banana,house,A
What is 10 times 66?,20301,491,660,775,9,banana,house,C
What is 66 times 93?,1173,1722,6138,64,660856,banana,house,C
What is 19 times 43?,325,536,6,817,85599,banana,house,D
What is 70 times 29?,2030,4696,531086,60,8659,banana,house,A
What is 23 times 97?,1776,2231,227400,42,6126,banana,house,B
What is 51 times 14?,129,66678,714,8,915,banana,house,C
What is 11 times 20?,220,55595,8,804,951,banana,house,A
What is 24 times 78?,1089,1097,1872,596240,67,banana,house,C
What is 80 times 42?,3360,3933,46,485585,9305,banana,house,A
What is 56 times 68?,2681,3808,755498,77,8156,banana,house,B
What is 64 times 71?,1749,4544,548653,65,8900,banana,house,B
What is 72 times 26?,1872,2512,32,3610,680107,banana,house,A
What is 85 times 25?,11,2125,4363,5242,765940,banana,house,B
What is 85 times 29?,2465,2814,30,574454,6937,banana,house,A
What is 32 times 56?,1792,305813,38,8950,9761,banana,house,A
What is 64 times 69?,1891,4416,5593,77,810798,banana,house,B
What is 83 times 23?,1736,1909,3794,54,721814,banana,house,B
What is 84 times 44?,3696,5695,8623,90,910814,banana,house,A
What is 60 times 85?,13,195005,5100,9739,9839,banana,house,C
What is 32 times 95?,3040,3706,61,6607,936341,banana,house,A
What is 26 times 17?,22587,321,442,644,7,banana,house,C
What is 11 times 81?,139,3,56881,652,891,banana,house,E
What is 72 times 94?,1630,2144,61,6768,780454,banana,house,D
What is 31 times 16?,41582,496,7,769,852,banana,house,B
What is 68 times 17?,1156,4710,53,7089,749126,banana,house,A
What is 55 times 89?,25,2730,4895,510438,6210,banana,house,C
What is 66 times 58?,2259,259041,3828,62,8136,banana,house,C
What is 83 times 61?,5063,60,6688,882458,9875,banana,house,A
What is 34 times 59?,1890,2006,3175,355296,56,banana,house,B
What is 58 times 75?,28,4080,4350,8998,948701,banana,house,C
What is 17 times 89?,1513,3427,389310,3912,51,banana,house,A
What is 56 times 15?,1,60752,662,840,924,banana,house,D
What is 88 times 44?,1300,3872,81,8195,939654,banana,house,B
What is 69 times 36?,2484,2587,309809,78,9159,banana,house,A
What is 91 times 46?,16,1916,2921,4186,770797,banana,house,D
What is 10 times 65?,430,48387,498,650,9,banana,house,D
What is 75 times 46?,13,3450,4791,4946,893213,banana,house,B
What is 10 times 45?,163,4,450,51049,540,banana,house,C
What is 93 times 63?,1021,5859,830136,87,9743,banana,house,B
What is 90 times 73?,1625,45,6570,692689,7288,banana,house,C
What is 97 times 41?,3977,7110,8705,89,935507,banana,house,A
What is 10 times 46?,1,389,460,578,93290,banana,house,C
What is 50 times 80?,1945,4000,43,4974,592715,banana,house,B
What is 11 times 26?,286,600,770,85621,9,banana,house,A
What is 13 times 30?,390,44456,566,7,969,banana,house,A
What is 57 times 24?,1071,1368,4081,905245,97,banana,house,B
What is 16 times 51?,1,25501,745,816,914,banana,house,D
What is 89 times 79?,413295,52,6370,7031,9043,banana,house,D
What is 71 times 36?,10,2556,668264,9322,9882,banana,house,B
What is 46 times 33?,13,1518,501404,6037,8941,banana,house,B
What is 30 times 75?,2250,3696,51,9214,922143,banana,house,A
What is 30 times 54?,113786,1620,33,4665,6156,banana,house,B
What is 57 times 98?,176510,3294,5586,56,9785,banana,house,C
What is 50 times 57?,1918,2850,2918,34,445480,banana,house,B
What is 30 times 42?,1260,21,2320,8669,939883,banana,house,A
What is 66 times 80?,5280,8765,897724,9358,96,banana,house,A
What is 56 times 25?,1400,2972,4412,765953,77,banana,house,A
What is 44 times 21?,125,22135,6,625,924,banana,house,E
What is 47 times 23?,10,1081,1361,3083,616542,banana,house,B
What is 43 times 90?,1683,171036,3870,5503,57,banana,house,C
What is 52 times 64?,29,3328,4487,4543,595789,banana,house,B
What is 62 times 99?,3382,6138,699518,7269,81,banana,house,B
What is 84 times 43?,3612,4704,588078,75,8341,banana,house,A
What is 88 times 35?,1688,3080,3471,487587,96,banana,house,B
What is 32 times 36?,1152,16,1793,484793,7151,banana,house,A
What is 62 times 35?,1743,184886,2170,66,7741,banana,house,C
What is 29 times 48?,1392,3016,315150,4335,71,banana,house,A
What is 88 times 48?,2418,3243,4224,428139,92,banana,house,C
What is 78 times 18?,1404,4634,59,706708,8049,banana,house,A
What is 46 times 34?,1564,36,548289,5873,8056,banana,house,A
What is 54 times 96?,2376,4194,421109,5184,94,banana,house,D
What is 50 times 98?,4900,5586,63,678733,7108,banana,house,A
What is 14 times 79?,1106,2783,47,500004,6236,banana,house,A
What is 99 times 39?,2766,3861,67,747358,9750,banana,house,B
What is 80 times 84?,351504,39,6720,7731,8846,banana,house,C
What is 96 times 15?,11,1440,3109,394850,4251,banana,house,B
What is 29 times 36?,1044,4637,4943,643315,98,banana,house,A
What is 40 times 23?,10533,683,7,777,920,banana,house,E
What is 28 times 51?,116939,1428,1443,3515,73,banana,house,B
What is 43 times 10?,124,42133,430,5,896,banana,house,C
What is 79 times 65?,417941,5135,7218,75,8024,banana,house,B
What is 69 times 15?,1035,144904,3503,59,9186,banana,house,A
What is 30 times 69?,2070,6152,735410,74,8809,banana,house,A
What is 63 times 64?,130349,4032,4318,74,7771,banana,house,B
What is 55 times 36?,160695,1980,4170,77,8954,banana,house,B
What is 81 times 77?,34,3412,4297,6237,995950,banana,house,D
What is 15 times 82?,1230,1484,21,738274,8543,banana,house,A
What is 84 times 79?,3780,5826,624272,6636,69,banana,house,D
What is 16 times 90?,1440,22,649074,6929,8646,banana,house,A
What is 98 times 60?,10,2709,3270,5880,690813,banana,house,D
What is 74 times 94?,4082,582758,61,6956,7783,banana,house,D
What is 77 times 97?,3848,7469,781753,9281,93,banana,house,B
What is 18 times 64?,11,114440,1152,7344,9920,banana,house,C
What is 58 times 61?,18,267383,3538,9260,9578,banana,house,C
What is 72 times 85?,1769,30,487433,6104,6120,banana,house,E
What is 31 times 79?,2449,51,5362,628042,7183,banana,house,A
What is 12 times 64?,2,659,768,894,98816,banana,house,C
What is 67 times 86?,3198,3568,399352,5762,90,banana,house,D
What is 22 times 95?,11,2090,327482,8255,8476,banana,house,B
What is 25 times 15?,163,375,37804,670,9,banana,house,B
What is 43 times 81?,1071,3483,54,860666,9946,banana,house,B
What is 43 times 42?,1806,701374,80,8471,9695,banana,house,A
What is 15 times 44?,352,4,43420,646,660,banana,house,E
What is 63 times 50?,3150,580110,7179,98,9834,banana,house,A
What is 91 times 27?,1981,204814,2457,33,7338,banana,house,C
What is 37 times 18?,1,616,65359,666,786,banana,house,D
What is 64 times 63?,1919,4032,50,5876,771055,banana,house,B
What is 87 times 83?,38,5975,7221,771450,8807,banana,house,C
What is 13 times 77?,1001,1141,321928,9170,99,banana,house,A
What is 32 times 92?,212108,2944,4951,6479,66,banana,house,B
What is 26 times 63?,124247,1638,73,9616,9642,banana,house,B
What is 46 times 20?,441,6,73781,905,920,banana,house,E
What is 79 times 91?,2612,4849,7189,869652,90,banana,house,C
What is 66 times 35?,225243,2275,2310,31,5648,banana,house,C
What is 71 times 95?,27,383220,6541,6745,7352,banana,house,D
What is 71 times 86?,305933,41,5129,5514,6106,banana,house,E
What is 24 times 73?,1752,337011,3605,67,9923,banana,house,A
What is 14 times 55?,63543,764,770,8,984,banana,house,C
What is 65 times 27?,1524,1755,49,9648,964984,banana,house,B
What is 11 times 66?,380,43169,633,7,726,banana,house,E
What is 11 times 24?,264,440,48574,552,8,banana,house,A
What is 62 times 59?,2914,3275,3658,744307,86,banana,house,C
What is 99 times 72?,459603,6187,64,7128,9372,banana,house,D
What is 50 times 53?,2650,3452,43,450329,5926,banana,house,A
What is 81 times 64?,32,5184,739770,7584,8445,banana,house,B
What is 32 times 83?,1898,241841,2656,30,8589,banana,house,C
What is 63 times 70?,1715,4410,5445,65,798568,banana,house,B
What is 13 times 22?,23659,286,421,5,892,banana,house,B
What is 39 times 76?,2964,3681,39,684159,8180,banana,house,A
What is 62 times 95?,348089,37,5890,9611,9807,banana,house,C
What is 88 times 27?,2376,4324,887086,95,9788,banana,house,A
What is 87 times 77?,29,3258,475549,6699,7394,banana,house,D
What is 92 times 42?,295785,3864,63,7933,9208,banana,house,B
What is 82 times 62?,17,2423,337665,5084,8057,banana,house,D
What is 56 times 61?,3416,44,7110,772582,9146,banana,house,A
What is 80 times 16?,1280,4289,6114,72,783486,banana,house,A
What is 84 times 30?,2520,3386,343075,71,7724,banana,house,A
What is 90 times 56?,1066,14,154826,5040,7533,banana,house,D
What is 64 times 62?,3968,5675,7395,91,968175,banana,house,A
What is 14 times 84?,1176,2236,46,734250,8109,banana,house,A
What is 14 times 82?,1104,1148,16,2369,726305,banana,house,B
What is 23 times 65?,1495,6826,721677,7426,95,banana,house,A
What is 51 times 49?,140625,2499,41,6095,6567,banana,house,B
What is 16 times 22?,352,5,585,62446,631,banana,house,A
What is 26 times 93?,2418,5884,824441,9043,93,banana,house,A
What is 30 times 10?,27109,3,300,422,762,banana,house,C
What is 96 times 80?,7680,8499,9297,964582,97,banana,house,A
What is 35 times 17?,30689,4,595,611,892,banana,house,C
What is 23 times 62?,1426,61,697216,7119,7501,banana,house,A
What is 23 times 15?,1,345,558,867,92208,banana,house,B
What is 78 times 96?,2076,25,7488,7619,953293,banana,house,C
What is 73 times 21?,10,1533,4496,5142,770386,banana,house,B
What is 28 times 55?,1367,1540,1549,382837,62,banana,house,B
What is 32 times 28?,42138,5,530,569,896,banana,house,E
What is 49 times 83?,246956,4067,53,6023,7781,banana,house,B
What is 65 times 96?,1997,301812,50,6240,6834,banana,house,D
What is 46 times 73?,185662,20,3358,5315,9033,banana,house,C
What is 62 times 11?,260,6,620,682,85106,banana,house,D
What is 55 times 34?,1870,476596,53,9167,9806,banana,house,A
What is 86 times 91?,6184,7826,82,874662,9086,banana,house,B
What is 33 times 17?,2,366,561,841,98225,banana,house,C
What is 54 times 51?,2754,31,3681,899749,9673,banana,house,A
What is 39 times 16?,2,62345,624,925,982,banana,house,C
What is 45 times 39?,1335,1755,240403,5032,90,banana,house,B
What is 87 times 73?,47,5575,6351,774619,8503,banana,house,C
What is 46 times 39?,1794,3383,4733,836334,85,banana,house,A
What is 96 times 68?,6528,73,8021,826902,9606,banana,house,A
What is 70 times 68?,3121,4760,5289,767374,91,banana,house,B
What is 60 times 45?,2700,321343,3463,75,8877,banana,house,A
What is 23 times 82?,1166,1886,67,758315,7718,banana,house,B
What is 94 times 19?,1356,1527,1786,700106,86,banana,house,C
What is 66 times 81?,32,5346,5777,743415,banana,house,,B
What is 75 times 31?,2081,2325,5057,58,766951,banana,house,B
What is 43 times 26?,1118,232799,2984,3108,74,banana,house,A
What is 64 times 55?,3520,592656,6712,87,9289,banana,house,A
What is 16 times 33?,10231,2,391,528,628,banana,house,D
What is 53 times 92?,4876,6959,700809,82,8693,banana,house,A
What is 82 times 21?,1722,339698,43,6925,9663,banana,house,A
What is 43 times 96?,222658,4128,54,6746,7207,banana,house,B
What is 93 times 28?,2604,36,378122,4652,5699,banana,house,A
What is 45 times 17?,13516,765,8,833,990,banana,house,B
What is 75 times 12?,19321,4,524,900,973,banana,house,D
What is 40 times 85?,3400,40,438352,5791,6386,banana,house,A
What is 67 times 79?,121548,5293,5415,6343,89,banana,house,B
What is 70 times 36?,2520,271482,3023,3556,76,banana,house,A
What is 19 times 91?,1729,2169,2650,33,512561,banana,house,A
What is 49 times 91?,2550,3493,4459,635681,94,banana,house,C
What is 42 times 43?,1806,327970,84,9122,9277,banana,house,A
What is 69 times 91?,161068,1849,6279,72,8466,banana,house,C
What is 57 times 13?,125,554,6,741,94582,banana,house,D
What is 12 times 91?,1092,3132,59,7589,801215,banana,house,A
What is 37 times 33?,1221,32,367775,7630,8270,banana,house,A
What is 94 times 35?,3129,3290,52,575009,8002,banana,house,B
What is 29 times 10?,16891,290,607,887,9,banana,house,B
What is 42 times 72?,1656,3024,75,751702,8885,banana,house,B
What is 92 times 40?,3680,618659,73,8224,9472,banana,house,A
What is 30 times 99?,2970,34,4126,507689,8121,banana,house,A
What is 82 times 23?,1886,390571,56,5924,9506,banana,house,A
What is 44 times 23?,1012,4678,479922,74,9934,banana,house,A
What is 67 times 82?,31,3516,519189,5494,9639,banana,house,D
What is 28 times 87?,1292,2436,2648,63,942291,banana,house,B
What is 55 times 23?,1265,31,605071,6138,6172,banana,house,A
What is 46 times 67?,22,3082,478658,9095,9902,banana,house,B
What is 92 times 52?,174110,36,4163,4668,4784,banana,house,E
What is 92 times 67?,2167,323518,4730,6164,95,banana,house,D
What is 92 times 48?,166660,4416,59,6398,9111,banana,house,B
What is 88 times 64?,2552,478300,5632,58,8615,banana,house,C
What is 90 times 16?,12,1440,2844,3334,940718,banana,house,B
What is 12 times 15?,180,275,610,65594,9,banana,house,A
What is 49 times 94?,4606,6845,892029,95,9549,banana,house,A
What is 10 times 54?,223,3,52675,540,751,banana,house,D
What is 39 times 75?,1875,200195,2925,34,7910,banana,house,C
What is 88 times 99?,1045,37,620032,6421,8712,banana,house,E
What is 59 times 86?,3795,4411,5074,590381,81,banana,house,C
What is 91 times 83?,3748,46,7553,808337,9158,banana,house,C
What is 59 times 33?,1947,3932,7475,75,809177,banana,house,A
What is 88 times 70?,180437,21,4185,6160,6197,banana,house,D
What is 95 times 43?,240506,4085,4381,72,9831,banana,house,B
What is 94 times 13?,1222,6327,67,731863,8282,banana,house,A
What is 34 times 22?,417,42911,5,748,981,banana,house,D
What is 93 times 87?,2884,5385,8091,840798,85,banana,house,C
What is 82 times 58?,4756,5426,6170,702605,96,banana,house,A
What is 93 times 59?,312345,3880,5304,5487,95,banana,house,D
What is 80 times 45?,1103,3311,3600,568457,73,banana,house,C
What is 95 times 19?,1805,39,6812,798103,8380,banana,house,A
What is 91 times 62?,10,5642,6429,778488,9649,banana,house,B
What is 66 times 17?,1122,263635,2799,6250,79,banana,house,A
What is 54 times 21?,1134,1500,194001,2942,34,banana,house,A
What is 93 times 78?,119861,26,7254,8119,8420,banana,house,C
What is 71 times 55?,2727,3905,45,5487,968925,banana,house,B
What is 57 times 63?,2264,3591,528009,8039,89,banana,house,B
What is 61 times 68?,1156,21,4148,7167,854891,banana,house,C
What is 52 times 16?,376,4,45666,832,833,banana,house,D
What is 10 times 20?,101,200,289,7,95727,banana,house,B
What is 57 times 53?,3021,418869,7201,8431,98,banana,house,A
What is 69 times 57?,3933,56,7468,7869,882289,banana,house,A
What is 68 times 34?,2312,3281,415475,71,8808,banana,house,A
What is 20 times 17?,102,340,445,7,78111,banana,house,B
What is 12 times 29?,1,347,348,349,90210,banana,house,C
What is 48 times 64?,2921,3072,4044,49,837121,banana,house,B
What is 72 times 91?,1383,22,6552,7851,978387,banana,house,C
What is 58 times 52?,3016,38,4609,8583,976987,banana,house,A
What is 11 times 51?,308,31615,5,561,894,banana,house,D
What is 79 times 86?,1001,173716,6794,77,9040,banana,house,C
What is 91 times 63?,17,3440,4316,5733,703456,banana,house,D
What is 93 times 58?,17,2825,5394,602270,6760,banana,house,C
What is 24 times 16?,2,384,507,542,62075,banana,house,B
What is 87 times 16?,1392,160481,4608,68,8101,banana,house,A
What is 52 times 83?,1960,225435,25,4316,5410,banana,house,D
What is 68 times 94?,551665,6392,8259,8688,87,banana,house,B
What is 23 times 86?,133847,1978,5670,66,7756,banana,house,B
What is 82 times 89?,1797,583588,7298,7344,80,banana,house,C
What is 44 times 88?,2134,256840,29,3872,7884,banana,house,D
What is 87 times 75?,1301,4587,6525,75,802054,banana,house,C
What is 72 times 79?,5688,574290,6094,70,9471,banana,house,A
What is 82 times 79?,29,368398,6478,9269,9330,banana,house,C
What is 37 times 68?,2516,6705,7607,77,876797,banana,house,A
What is 60 times 78?,365956,3899,4680,67,8058,banana,house,C
What is 74 times 33?,1200,14,2442,4839,697562,banana,house,C
What is 66 times 18?,1188,5216,6315,72,953932,banana,house,A
What is 52 times 85?,1261,24,4420,6815,951876,banana,house,C
What is 34 times 37?,1258,29,7302,8410,862129,banana,house,A
What is 94 times 21?,1974,2075,567746,58,6366,banana,house,A
What is 76 times 18?,1291,1368,267122,5538,78,banana,house,B
What is 78 times 33?,2574,49,5813,738715,7647,banana,house,A
What is 92 times 25?,20,2300,4931,540549,8362,banana,house,B
What is 82 times 45?,210973,3690,3747,4549,94,banana,house,B
What is 57 times 82?,4674,4863,664851,70,7689,banana,house,A
What is 20 times 38?,2,220,57785,760,769,banana,house,D
What is 23 times 75?,1725,2221,4953,58,946357,banana,house,A
What is 13 times 45?,1,49828,550,585,708,banana,house,D
What is 65 times 49?,17,3185,5288,5610,907390,banana,house,B
What is 54 times 97?,203013,2063,52,5238,9951,banana,house,D
What is 87 times 38?,3306,3551,5177,686913,73,banana,house,A
What is 90 times 19?,1710,3630,725502,78,8110,banana,house,A
What is 16 times 12?,192,612,7,738,98887,banana,house,A
What is 16 times 91?,1456,19,7926,9562,973038,banana,house,A
What is 47 times 49?,2303,2322,547365,8027,91,banana,house,A
What is 59 times 22?,1298,2684,69,818102,8813,banana,house,A
What is 29 times 87?,10,2523,3673,529106,5559,banana,house,B
What is 70 times 16?,1120,1488,6608,76,880179,banana,house,A
What is 54 times 80?,112215,3516,4320,5589,96,banana,house,C
What is 42 times 89?,3738,718039,8858,8938,97,banana,house,A
What is 99 times 71?,10,135108,3894,5667,7029,banana,house,E
What is 39 times 17?,18454,185,302,6,663,banana,house,E
What is 76 times 62?,2513,4712,54,718113,8328,banana,house,B
What is 81 times 87?,29,3917,7047,8130,819595,banana,house,C
What is 49 times 88?,376790,4312,5976,63,8671,banana,house,B
What is 92 times 22?,2024,322160,5431,6672,74,banana,house,A
What is 33 times 56?,110509,1620,1848,20,2233,banana,house,C
What is 27 times 61?,1647,43,4477,4807,753014,banana,house,A
What is 27 times 28?,553,72059,756,8,869,banana,house,C
What is 17 times 78?,1326,273460,6012,6363,96,banana,house,A
What is 64 times 74?,3823,4736,4846,790718,88,banana,house,B
What is 56 times 57?,3192,391774,4252,5324,98,banana,house,A
What is 42 times 78?,2497,3276,3979,40,647972,banana,house,B
What is 25 times 25?,420,6,625,72559,763,banana,house,C
What is 61 times 87?,2632,488662,5307,5529,96,banana,house,C
What is 23 times 36?,58288,6,658,737,828,banana,house,E
What is 41 times 30?,114601,1230,4355,56,8709,banana,house,B
What is 74 times 37?,25,2738,4968,585328,9109,banana,house,B
What is 50 times 31?,1550,3451,6239,852215,97,banana,house,A
What is 38 times 28?,1064,42,4845,5567,832607,banana,house,A
What is 36 times 82?,2952,553457,6725,83,8906,banana,house,A
What is 51 times 65?,1106,306861,3315,3716,72,banana,house,C
What is 38 times 57?,1201,1311,2166,63,843920,banana,house,C
What is 43 times 98?,146450,4214,6336,6342,76,banana,house,B
What is 49 times 76?,15,3724,3796,5794,598970,banana,house,B
What is 96 times 79?,296274,3608,58,7584,9509,banana,house,D
What is 56 times 54?,3024,33,704546,8220,9545,banana,house,A
What is 34 times 67?,1381,2278,30,760641,8008,banana,house,B
What is 74 times 69?,12,4564,5106,649009,7234,banana,house,C
What is 17 times 57?,3,460,651,969,98662,banana,house,D
What is 27 times 63?,1701,186711,3352,4323,95,banana,house,A
What is 62 times 68?,1329,18,188454,4216,7115,banana,house,D
What is 57 times 35?,13,1995,3222,8360,913107,banana,house,B
What is 37 times 48?,1776,2563,5679,599960,66,banana,house,A
What is 53 times 58?,3074,808465,9344,99,9926,banana,house,A
What is 63 times 37?,2331,2470,40,560933,8988,banana,house,A
What is 85 times 85?,11,650516,7225,8742,9800,banana,house,C
What is 13 times 98?,1274,293264,5066,6452,74,banana,house,A
What is 79 times 84?,2232,29,3880,6636,786520,banana,house,D
What is 38 times 94?,3572,6408,67,7395,821349,banana,house,A
What is 56 times 34?,1904,44,7372,8974,945609,banana,house,A
What is 46 times 52?,2392,2864,3597,443609,90,banana,house,A
What is 59 times 29?,11,1711,3509,3769,667963,banana,house,B
What is 94 times 36?,3384,42,5597,7682,809474,banana,house,A
What is 44 times 26?,1144,2999,36,642959,7334,banana,house,A
What is 17 times 67?,1139,15,2231,7161,864299,banana,house,A
What is 65 times 82?,177844,4316,53,5308,5330,banana,house,E
What is 14 times 59?,36172,773,826,9,969,banana,house,C
What is 76 times 29?,2156,2204,252780,3308,58,banana,house,B
What is 84 times 76?,1241,49,6384,7188,827729,banana,house,C
What is 74 times 57?,17,2733,357390,4218,9116,banana,house,D
What is 63 times 93?,1204,4123,494897,56,5859,banana,house,E
What is 86 times 52?,3886,4472,50,756984,7802,banana,house,B
What is 14 times 97?,1358,19,246980,5916,7280,banana,house,A
What is 37 times 50?,1850,3754,672835,77,9963,banana,house,A
What is 88 times 84?,1027,7392,75,896598,9985,banana,house,B
What is 76 times 59?,1508,18,196219,4484,9606,banana,house,D
What is 10 times 68?,201,3,36782,389,680,banana,house,E
What is 61 times 13?,350,7,77022,793,898,banana,house,D
What is 13 times 74?,441,765,9,962,96814,banana,house,D
What is 74 times 46?,3404,36,5277,5456,941186,banana,house,A
What is 24 times 35?,277,541,74983,8,840,banana,house,E
What is 81 times 38?,2190,2243,3078,628799,97,banana,house,C
What is 48 times 99?,1764,4752,4943,591758,85,banana,house,B
What is 82 times 72?,5904,6397,7157,75,850749,banana,house,A
What is 43 times 32?,1376,2920,2991,81,896123,banana,house,A
What is 14 times 18?,252,46604,638,8,930,banana,house,A
What is 69 times 31?,2139,229019,23,2499,4742,banana,house,A
What is 30 times 59?,1770,49,506478,6845,8221,banana,house,A
What is 10 times 37?,158,234,24010,370,4,banana,house,D
What is 27 times 19?,2,513,601,640,68690,banana,house,B
What is 12 times 49?,281,28422,4,588,820,banana,house,D
What is 73 times 50?,196356,3650,80,9616,9920,banana,house,B
What is 20 times 78?,13,1560,3732,534640,6201,banana,house,B
What is 37 times 13?,2,367,481,59945,977,banana,house,C
What is 54 times 26?,1404,193775,3743,60,8430,banana,house,A
What is 80 times 82?,1158,2686,460840,6560,83,banana,house,D
What is 38 times 22?,119,143,2,70251,836,banana,house,E
What is 87 times 94?,18,336456,3963,6306,8178,banana,house,E
What is 60 times 91?,34,3557,3783,5460,669606,banana,house,D
What is 93 times 12?,1116,2231,4527,570582,94,banana,house,A
What is 14 times 32?,130,21923,448,9,970,banana,house,C
What is 86 times 49?,1080,2224,4214,45,507022,banana,house,C
What is 88 times 59?,137596,2349,4870,5192,61,banana,house,D
What is 69 times 73?,138091,30,3340,5037,9043,banana,house,D
What is 90 times 46?,1795,4140,6971,847638,99,banana,house,B
What is 83 times 80?,1117,36,6640,8109,823406,banana,house,C
What is 39 times 40?,13,1560,217477,4388,6937,banana,house,B
What is 61 times 33?,171549,2013,3163,51,7901,banana,house,B
What is 14 times 49?,5,59527,686,953,963,banana,house,C
What is 25 times 72?,1581,1800,5001,56,797871,banana,house,B
What is 19 times 53?,1007,2646,38,4390,789466,banana,house,A
What is 26 times 13?,338,36609,505,705,8,banana,house,A
What is 17 times 85?,10,1445,3454,5807,600966,banana,house,B
What is 49 times 21?,1029,4301,6537,762454,82,banana,house,A
What is 97 times 63?,347989,40,6111,6528,7797,banana,house,C
What is 82 times 16?,1312,38,4642,7289,793041,banana,house,A
What is 76 times 56?,332034,35,4256,5553,8872,banana,house,C
What is 87 times 22?,12,1914,6244,836698,9263,banana,house,B
What is 11 times 13?,143,23365,5,665,914,banana,house,A
What is 60 times 28?,145927,1680,56,7179,8997,banana,house,B
What is 21 times 49?,1029,40,779881,8053,9511,banana,house,A
What is 25 times 44?,10,1100,6942,7411,970702,banana,house,B
What is 12 times 38?,361,456,57284,6,691,banana,house,B
What is 75 times 96?,46,5758,7200,7365,774059,banana,house,C
What is 30 times 17?,2,200,510,614,94620,banana,house,C
What is 86 times 12?,102297,1032,31,3301,4499,banana,house,B
What is 22 times 58?,1276,2722,647673,6702,86,banana,house,A
What is 80 times 87?,1114,12,6960,7651,984027,banana,house,C
What is 86 times 24?,14,2064,578609,6718,8972,banana,house,B
What is 53 times 25?,1325,3646,596144,69,7387,banana,house,A
What is 91 times 55?,1342,198716,5005,5596,61,banana,house,C
What is 60 times 92?,3381,3613,5520,768334,96,banana,house,C
What is 75 times 90?,4215,5649,6750,806602,87,banana,house,C
What is 65 times 54?,3510,685208,7962,91,9813,banana,house,A
What is 91 times 73?,103665,1166,28,3697,6643,banana,house,E
What is 42 times 81?,13,2316,3402,8965,968645,banana,house,C
What is 39 times 59?,2301,46,4727,611585,6560,banana,house,A
What is 58 times 47?,2448,2726,47,5137,923336,banana,house,B
What is 28 times 70?,1960,2884,453491,47,8173,banana,house,A
What is 47 times 56?,11,2632,6818,687132,7032,banana,house,B
What is 16 times 16?,1,248,256,65906,743,banana,house,C
What is 84 times 54?,35,430443,4536,5997,8708,banana,house,C
What is 64 times 42?,245750,2688,3215,8357,98,banana,house,B
What is 85 times 42?,197345,3570,4328,7763,90,banana,house,B
What is 14 times 88?,1232,1406,30,373752,9531,banana,house,A
What is 92 times 76?,2907,5327,65,6992,797317,banana,house,D
What is 48 times 66?,1675,3168,3471,35,538663,banana,house,B
What is 47 times 24?,1128,113373,1970,64,9060,banana,house,A
What is 31 times 32?,273,471,52336,6,992,banana,house,E
What is 35 times 94?,2315,3290,4083,42,879094,banana,house,B
What is 21 times 67?,1407,33,4055,672511,7901,banana,house,A
What is 13 times 83?,1079,18,5901,615675,6675,banana,house,A
What is 57 times 44?,1517,2508,2576,359338,59,banana,house,B
What is 67 times 88?,1592,381188,5896,6750,80,banana,house,C
What is 80 times 31?,2480,2861,34,743369,8300,banana,house,A
What is 36 times 37?,13,1332,2692,7653,897798,banana,house,B
What is 79 times 30?,214387,2370,65,6799,7935,banana,house,B
What is 27 times 17?,459,47341,7,900,960,banana,house,A
What is 59 times 45?,2655,372329,58,7697,8856,banana,house,A
What is 69 times 81?,31,446967,5589,6826,7265,banana,house,C
What is 16 times 81?,1296,17,5284,6783,880852,banana,house,A
What is 97 times 19?,1843,5060,6008,708540,83,banana,house,A
What is 82 times 29?,11,2378,6835,708303,8676,banana,house,B
What is 75 times 65?,1135,28,2962,4875,646273,banana,house,D
What is 54 times 90?,2754,349998,42,4860,6487,banana,house,D
What is 77 times 96?,3508,449766,6281,7392,97,banana,house,D
What is 28 times 11?,290,308,352,63661,9,banana,house,B
What is 53 times 82?,25,2930,4346,9793,979979,banana,house,C
What is 82 times 77?,1578,33,6314,655832,6716,banana,house,C
What is 15 times 53?,115,299,7,74092,795,banana,house,E
What is 38 times 11?,39488,418,786,851,9,banana,house,B
What is 16 times 39?,12432,5,624,639,675,banana,house,C
What is 91 times 70?,249233,6370,7583,85,8600,banana,house,B
What is 99 times 98?,12,2067,3015,444333,9702,banana,house,E
What is 11 times 72?,14588,203,692,792,8,banana,house,D
What is 87 times 55?,465271,4785,49,5804,8946,banana,house,B
What is 45 times 13?,2,50554,546,585,970,banana,house,D
What is 41 times 75?,3075,317327,70,8110,8448,banana,house,A
What is 80 times 92?,24,5025,6000,7360,909193,banana,house,D
What is 62 times 73?,4526,584276,6152,7956,86,banana,house,A
What is 89 times 30?,2670,337587,3950,62,7178,banana,house,A
What is 31 times 70?,2170,339454,3742,43,4578,banana,house,A
What is 34 times 96?,1660,2291,3264,51,528941,banana,house,C
What is 61 times 51?,18,2789,3111,5350,818513,banana,house,C
What is 39 times 49?,1345,1911,4132,516468,67,banana,house,B
What is 76 times 93?,3462,4779,7068,83,918069,banana,house,C
What is 74 times 66?,20,4884,7302,772074,9967,banana,house,B
What is 91 times 65?,1547,190962,5915,6803,90,banana,house,C
